,PRED_SALARY_PERCENTAGE
0,0.03379593
1,0.024708264
2,0.024295347
3,0.09592144
4,0.08579741
5,0.07992088
6,0.077844776
7,0.08844813
8,0.08742772
9,0.08346482
10,0.014484555
11,0.017130183
12,0.018883826
13,0.023030078
14,0.037730288
15,0.032261427
16,0.017179618
17,0.023566222
18,0.033303764
19,0.013504593
20,0.032496415
25,0.02515702
26,0.014832438
27,0.02209143
28,0.011771885
29,0.020260258
30,0.019995166
36,0.04128652
37,0.035378996
38,0.031580947
42,0.013714047
43,0.022507967
44,0.014016768
45,0.02814254
46,0.044325784
58,0.02408425
59,0.014479208
60,0.015039613
61,0.034207962
62,0.019533185
80,0.08273136
81,0.047027748
82,0.04689339
83,0.024357906
84,0.023984449
85,0.030251987
86,0.033049073
87,0.104325615
88,0.10441226
95,0.05765079
96,0.046087548
119,0.0227322
120,0.021098413
121,0.025265139
122,0.048039984
123,0.053677283
124,0.041764725
125,0.045378312
126,0.04960743
127,0.043914396
128,0.043867424
129,0.051246174
130,0.053923726
131,0.05066401
142,0.016221752
143,0.01250601
144,0.01191955
145,0.031947326
146,0.027369779
147,0.040741175
148,0.03642539
149,0.021188417
150,0.034119174
151,0.013835417
152,0.012764358
153,0.016728196
154,0.019920371
155,0.012459012
156,0.012965834
157,0.02013554
158,0.018914156
160,0.04528391
161,0.018747332
162,0.029641712
163,0.022013562
164,0.042401444
165,0.029528825
166,0.049429733
167,0.05948458
168,0.056453437
186,0.03944629
187,0.03991335
193,0.032594487
194,0.014557988
195,0.013422222
196,0.015607764
197,0.014639056
198,0.021878194
199,0.05255969
200,0.05455167
201,0.05220263
202,0.0484058
203,0.050231412
204,0.051635083
205,0.03286059
206,0.048104685
207,0.052208465
208,0.02922872
209,0.025472494
210,0.02250472
247,0.036492705
248,0.018481065
249,0.01391601
250,0.023175027
251,0.01629111
252,0.02282437
253,0.018811723
254,0.026265675
290,0.027904019
291,0.03711383
292,0.045978308
293,0.044847336
294,0.03906017
295,0.06354671
296,0.07294431
297,0.060600847
298,0.06653274
299,0.06359347
300,0.058196798
301,0.049231477
302,0.061989035
303,0.062676676
304,0.053146206
305,0.020916449
306,0.020928873
307,0.043060448
308,0.033232834
350,0.03640725
351,0.02425759
352,0.019884355
353,0.023935404
354,0.026829353
355,0.017652445
356,0.023264255
357,0.03402633
358,0.025413344
359,0.030317362
360,0.020388799
361,0.039034404
362,0.023172358
363,0.08233597
364,0.08263462
365,0.07197084
366,0.07395199
367,0.08458575
368,0.058577202
369,0.075556785
370,0.093459055
371,0.092266135
372,0.09428521
373,0.08975754
374,0.015523466
375,0.032708608
376,0.024378536
400,0.013412385
401,0.03452548
402,0.041805405
403,0.03162797
404,0.019214768
405,0.013684899
417,0.028074278
418,0.039395273
419,0.055421807
420,0.06293155
421,0.05838007
422,0.06753848
423,0.06240528
424,0.070114344
425,0.084078595
426,0.06348745
427,0.06332355
428,0.071266755
429,0.069629595
430,0.068002164
431,0.033476666
432,0.015637303
452,0.01589952
453,0.023718063
454,0.034442034
455,0.041889448
478,0.021485116
479,0.022423472
480,0.01836026
490,0.017507348
505,0.016555013
506,0.031829223
507,0.029104445
508,0.025152056
509,0.025211383
510,0.030199958
514,0.019749135
515,0.021702953
516,0.015562712
517,0.016655073
523,0.022006216
524,0.027750801
525,0.036343876
526,0.049524106
527,0.051886834
528,0.05487126
529,0.025847936
536,0.015921151
537,0.054026738
538,0.04893531
539,0.022826038
540,0.021629596
541,0.026790965
557,0.014882076
580,0.0122681
581,0.018894142
582,0.035153873
583,0.026612071
584,0.03381284
585,0.020691829
586,0.0103056105
587,0.015869629
594,0.026458135
595,0.028999686
596,0.012978548
597,0.019114893
598,0.017814849
599,0.02632013
615,0.0985536
616,0.090038426
617,0.091983624
618,0.068435125
619,0.03903255
620,0.07934663
621,0.08301674
622,0.07975563
623,0.0707835
624,0.070045024
625,0.02452954
632,0.03454566
633,0.061905198
634,0.056809656
635,0.05605662
636,0.05542025
637,0.03771398
638,0.038865414
639,0.052557793
643,0.0285872
644,0.02963883
645,0.01831367
646,0.026900794
647,0.03192392
648,0.04721308
649,0.055399682
650,0.039823666
651,0.059257213
652,0.050071336
653,0.01645493
654,0.024536492
655,0.023560302
656,0.019673266
657,0.016697446
658,0.026314758
659,0.01667868
660,0.020938039
661,0.025646623
662,0.027516665
663,0.013838576
664,0.047244135
665,0.018191697
673,0.03500768
674,0.025655985
675,0.01991312
676,0.019301493
677,0.015759697
678,0.026937239
679,0.010414287
680,0.015064647
681,0.030308738
682,0.03692876
683,0.02400522
723,0.03943526
724,0.03552534
725,0.029737487
726,0.030427016
727,0.030305084
728,0.032609
729,0.04732464
730,0.03761912
731,0.021295695
749,0.035835143
750,0.027031502
751,0.028539952
752,0.032120354
753,0.05331066
754,0.03127778
755,0.048529215
756,0.037504107
757,0.041691933
758,0.034643184
772,0.012659225
773,0.025537705
774,0.04776492
775,0.020386277
776,0.0264706
792,0.021290427
801,0.020934138
802,0.01712199
803,0.025066143
804,0.02661553
805,0.036230825
806,0.041502513
807,0.05128555
808,0.05145075
809,0.060174912
810,0.06148306
811,0.058689512
812,0.05881182
813,0.046082012
814,0.029464033
815,0.04065746
828,0.045312896
829,0.042145696
830,0.040305056
831,0.02696871
832,0.031113807
833,0.020674068
834,0.018836332
835,0.024486722
837,0.016852397
849,0.022944685
850,0.015150759
851,0.011791677
852,0.013009918
853,0.015117455
854,0.015132101
855,0.023122236
863,0.044317774
916,0.028994083
917,0.02096072
918,0.02390841
919,0.032912683
935,0.032586258
936,0.015137171
937,0.028121162
938,0.032505266
945,0.036557715
946,0.04047505
947,0.044037823
948,0.051999453
949,0.047948763
950,0.02757128
951,0.032879874
952,0.011802034
979,0.014956369
980,0.02053129
996,0.01756774
997,0.04357076
998,0.036117468
999,0.0506101
1000,0.034762077
1024,0.016170524
1025,0.013736643
1026,0.03426755
1038,0.016197778
1039,0.013077997
1040,0.023393057
1081,0.053212907
1082,0.059484556
1083,0.057571307
1084,0.049688954
1085,0.0392661
1086,0.0462177
1087,0.027200473
1088,0.027872581
1089,0.018169895
1105,0.033005275
1106,0.02388686
1107,0.013929278
1108,0.013433896
1109,0.017457675
1110,0.030532913
1111,0.06586271
1112,0.04847701
1113,0.05205197
1114,0.047957227
1115,0.04516859
1125,0.020363813
1126,0.032424197
1127,0.021094522
1128,0.027095586
1129,0.025749281
1130,0.021334555
1131,0.013561308
1134,0.03310645
1135,0.029801337
1136,0.026667811
1137,0.047410414
1138,0.021284318
1139,0.026889315
1140,0.016407756
1141,0.012848793
1142,0.014822363
1143,0.019436426
1144,0.025867885
1145,0.014794035
1146,0.023860114
1147,0.03269477
1148,0.027546605
1149,0.023233827
1150,0.044404943
1151,0.028536577
1152,0.031543907
1176,0.019393764
1201,0.05967274
1233,0.042395554
1300,0.019846985
1301,0.015549732
1302,0.015793523
1303,0.012991451
1321,0.03021627
1322,0.02031096
1323,0.02177263
1327,0.022843352
1328,0.020024052
1329,0.022988835
1330,0.038506217
1355,0.02145462
1356,0.04090388
1357,0.026814817
1358,0.02478464
1359,0.0149835395
1360,0.011613602
1361,0.016689949
1362,0.024656894
1363,0.01506702
1364,0.012690659
1365,0.029711353
1366,0.017912537
1367,0.026784701
1368,0.0126954755
1421,0.06235084
1422,0.05125946
1423,0.05415859
1424,0.0537879
1425,0.04697431
1426,0.041004166
1427,0.041855156
1428,0.04790497
1429,0.026171343
1434,0.012575036
1435,0.011750313
1436,0.01250602
1437,0.02795383
1438,0.04015336
1439,0.02929701
1440,0.034371037
1441,0.019594092
1442,0.050859004
1443,0.05228302
1444,0.058227587
1445,0.05429322
1446,0.058372725
1447,0.0601219
1448,0.05699237
1463,0.04861978
1464,0.025893087
1465,0.037395205
1466,0.03820625
1467,0.035071865
1468,0.04247366
1469,0.04054718
1470,0.047215335
1471,0.03213701
1472,0.017966675
1473,0.020281455
1474,0.021778658
1475,0.017609105
1476,0.019999752
1477,0.02280241
1496,0.026514543
1497,0.019694306
1498,0.017141234
1505,0.012754872
1506,0.027859384
1507,0.023978103
1508,0.021664815
1509,0.024196854
1510,0.025258262
1511,0.021175468
1512,0.02438987
1521,0.025715958
1522,0.03366876
1523,0.06197395
1524,0.03489541
1525,0.046513848
1526,0.032809786
1527,0.08780549
1528,0.090524554
1582,0.024380406
1583,0.032992456
1584,0.022980478
1585,0.019522721
1586,0.017165639
1587,0.024199368
1588,0.018412126
1589,0.036706563
1590,0.038596038
1591,0.037692063
1592,0.030856596
1593,0.034798086
1594,0.033901922
1595,0.047746945
1596,0.031324465
1597,0.026026579
1598,0.024910357
1622,0.021560194
1623,0.038143888
1624,0.040116187
1625,0.04723096
1626,0.04894589
1627,0.053896107
1628,0.060357787
1629,0.044242326
1630,0.023137996
1631,0.03232391
1632,0.028684538
1633,0.024280002
1634,0.014472472
1635,0.03705208
1636,0.017947337
1637,0.034162987
1659,0.03725883
1660,0.030036157
1661,0.029245326
1662,0.02525458
1663,0.021729717
1675,0.016585447
1676,0.018438872
1677,0.01404391
1678,0.01968422
1687,0.016431786
1688,0.017168712
1689,0.023495985
1690,0.022072181
1691,0.030123306
1692,0.034435663
1693,0.04204882
1694,0.040938143
1695,0.043118857
1696,0.032721896
1697,0.013704291
1698,0.018769782
1699,0.0166468
1700,0.05636684
1701,0.04119272
1702,0.040678278
1705,0.054613143
1706,0.031353906
1707,0.03819515
1708,0.03517584
1709,0.026616694
1710,0.026680434
1711,0.027968727
1712,0.022926273
1713,0.035024125
1714,0.032993857
1715,0.0410937
1716,0.04139242
1717,0.041475132
1726,0.016628355
1728,0.03405944
1729,0.05510422
1730,0.059553865
1731,0.07133711
1732,0.08768567
1733,0.042985067
1734,0.08669279
1735,0.086839646
1736,0.08900015
1737,0.08670732
1738,0.09856188
1739,0.09464723
1740,0.09489767
1741,0.09189348
1742,0.09297542
1743,0.08994554
1744,0.08538162
1745,0.019975243
1746,0.031920403
1747,0.059715588
1748,0.054944444
1749,0.07115967
1750,0.07658144
1751,0.07383949
1752,0.07090512
1753,0.06627845
1754,0.07452652
1755,0.072139315
1756,0.081101544
1757,0.06798763
1758,0.03154514
1759,0.025158998
1760,0.027110532
1761,0.023615902
1762,0.03350593
1763,0.020982508
1764,0.01580291
1768,0.028686821
1769,0.017968405
1770,0.013708806
1771,0.025600534
1772,0.021642802
1784,0.011132136
1785,0.04532734
1786,0.022645202
1794,0.0653223
1795,0.017118972
1796,0.019697715
1797,0.0125576
1798,0.017042685
1799,0.017544966
1800,0.01864131
1801,0.023616668
1802,0.025069088
1803,0.018703453
1807,0.018864045
1808,0.013209296
1809,0.014680921
1810,0.014486326
1811,0.024111563
1812,0.026596783
1813,0.038923774
1814,0.023090366
1822,0.020826418
1823,0.027196027
1824,0.038519032
1825,0.042473886
1826,0.050662935
1827,0.053038463
1828,0.056491606
1829,0.05231705
1830,0.043080166
1864,0.042044878
1865,0.1086825
1866,0.06337137
1867,0.10120572
1868,0.08231975
1869,0.08441766
1870,0.10138492
1871,0.091458835
1872,0.07814296
1873,0.021075025
1874,0.041076355
1875,0.015515568
1876,0.014787059
1877,0.022149192
1878,0.03583293
1879,0.04361278
1880,0.03715495
1881,0.04703713
1882,0.045330368
1883,0.04284121
1884,0.019041875
1908,0.02928814
1909,0.017343089
1910,0.018819721
1911,0.0279217
1912,0.022534622
1913,0.03695089
1914,0.025482284
1915,0.022280835
1916,0.020944204
1917,0.012047911
1918,0.022065243
1919,0.021683019
1920,0.020207347
1929,0.021753576
1930,0.024376132
1931,0.02981533
1932,0.10867137
1933,0.09314454
1934,0.07270371
1935,0.08977855
1940,0.017452097
1941,0.019677604
1942,0.029824356
1943,0.021500742
1944,0.021670017
1945,0.017627914
1946,0.03805631
1950,0.021679826
1959,0.041313514
1960,0.039515693
1983,0.024103586
1984,0.021456603
1995,0.02269591
1996,0.037494425
1997,0.05056187
1998,0.053058185
1999,0.05858846
2000,0.060936615
2001,0.05266782
2002,0.058420043
2003,0.03895023
2004,0.04202635
2005,0.053938475
2006,0.021919474
2007,0.030011576
2008,0.038627286
2009,0.015781444
2010,0.01148623
2011,0.02366605
2012,0.051407825
2013,0.0681036
2014,0.042301033
2015,0.037257556
2016,0.046586316
2017,0.038657494
2018,0.03647878
2019,0.023977404
2044,0.081340626
2045,0.09169735
2046,0.09412631
2047,0.072918154
2059,0.033609014
2060,0.04216749
2061,0.036498405
2062,0.03848062
2063,0.046980448
2064,0.034686755
2065,0.030433314
2101,0.01917245
2102,0.01240734
2103,0.01605463
2104,0.031371847
2110,0.011124278
2111,0.018127764
2112,0.010827745
2113,0.026172722
2114,0.02263881
2115,0.10305469
2116,0.10440122
2117,0.08784408
2118,0.035029314
2119,0.0121040875
2120,0.009745161
2121,0.019494053
2122,0.025899215
2123,0.012304095
2124,0.03380186
2125,0.02042782
2126,0.015009574
2127,0.021329978
2130,0.023367118
2131,0.028218517
2132,0.030439949
2133,0.04215196
2134,0.03581226
2135,0.030500865
2136,0.03944008
2137,0.03486628
2138,0.038766824
2139,0.034578066
2140,0.014242845
2141,0.02065781
2154,0.020633385
2155,0.02499639
2156,0.043665603
2157,0.042154167
2158,0.0462748
2159,0.01928004
2160,0.012773998
2161,0.0438033
2162,0.058231503
2163,0.025483185
2164,0.055033796
2165,0.05093061
2166,0.053306002
2167,0.063019685
2168,0.058563635
2169,0.06791196
2170,0.069247976
2171,0.061719794
2172,0.065102495
2173,0.072642595
2174,0.066816844
2181,0.026710643
2182,0.031026434
2183,0.020130295
2184,0.03646993
2185,0.037106663
2186,0.018470174
2187,0.01690103
2188,0.026686361
2189,0.046254907
2193,0.027760142
2194,0.034537442
2195,0.02500594
2196,0.021575164
2197,0.023905812
2198,0.042370535
2199,0.047082745
2200,0.047495324
2201,0.038099695
2202,0.028366018
2203,0.028433636
2204,0.030652069
2205,0.02847454
2206,0.025617778
2207,0.02617875
2223,0.032178365
2224,0.01795543
2225,0.031131906
2226,0.020270312
2227,0.025173057
2228,0.03327833
2229,0.053309657
2230,0.02073854
2231,0.015841391
2232,0.014632446
2238,0.02340849
2239,0.012034768
2240,0.023651684
2241,0.0250398
2242,0.027357379
2243,0.024590986
2274,0.021735052
2275,0.016756006
2283,0.038568508
2284,0.021163005
2285,0.02497565
2286,0.016318731
2291,0.018391488
2297,0.011331289
2298,0.020453162
2299,0.014833889
2300,0.04385196
2301,0.019384673
2302,0.016664434
2303,0.022321299
2304,0.012414388
2305,0.023251027
2306,0.014264428
2307,0.015864423
2308,0.011097074
2336,0.02165139
2337,0.022515774
2338,0.038114376
2339,0.061185587
2340,0.08473516
2341,0.09978403
2342,0.10182403
2350,0.023612272
2351,0.017259588
2352,0.0246299
2356,0.028663846
2361,0.021669386
2362,0.037388347
2363,0.026255118
2364,0.035683975
2365,0.016762836
2366,0.021888215
2367,0.048387058
2368,0.024405366
2369,0.012318762
2370,0.019039184
2371,0.019118018
2372,0.023474487
2373,0.019204762
2374,0.015423947
2375,0.020092446
2444,0.0616752
2445,0.05462262
2446,0.0516739
2447,0.047072165
2448,0.039700355
2449,0.050395623
2450,0.043967
2451,0.048852466
2458,0.118920356
2459,0.11184618
2460,0.11116824
2461,0.084995024
2462,0.06400615
2474,0.039385077
2475,0.013008928
2476,0.026006557
2477,0.029906683
2478,0.012116447
2479,0.050677568
2523,0.01440843
2524,0.014088157
2525,0.014166123
2526,0.02278677
2527,0.021838319
2528,0.014609623
2529,0.0328198
2530,0.021985283
2531,0.013139251
2532,0.013283205
2533,0.045091223
2534,0.025924552
2543,0.02798994
2544,0.039673407
2545,0.05341761
2546,0.06535472
2547,0.061403446
2548,0.07309869
2549,0.05448257
2550,0.048064783
2551,0.016400278
2560,0.042831026
2561,0.01473498
2562,0.015581692
2563,0.012480148
2564,0.014030727
2565,0.016289614
2566,0.01825213
2567,0.024928238
2568,0.011927627
2569,0.016981307
2570,0.017308962
2571,0.019165358
2576,0.014064317
2577,0.019279353
2578,0.032087144
2579,0.022643898
2580,0.018917859
2581,0.03848938
2587,0.014389361
2588,0.014392205
2589,0.018196383
2590,0.011973449
2591,0.023891894
2592,0.02350101
2593,0.03279038
2594,0.033667617
2595,0.06241601
2596,0.050281633
2597,0.042280186
2598,0.05005127
2599,0.048542384
2600,0.051899474
2601,0.043303203
2647,0.013416108
2648,0.021702496
2649,0.018798755
2650,0.023516303
2651,0.01266355
2652,0.036372647
2653,0.038524725
2654,0.02664494
2664,0.025677497
2665,0.02879142
2666,0.027169226
2667,0.047137618
2668,0.044271708
2669,0.053437002
2670,0.04177448
2671,0.01941438
2672,0.045222696
2673,0.03764793
2674,0.037851624
2685,0.017640384
2686,0.01752312
2687,0.021075053
2688,0.043554045
2689,0.048478566
2690,0.040921845
2691,0.042572476
2692,0.04184282
2698,0.02155485
2699,0.021094555
2700,0.023932023
2701,0.016953161
2702,0.015969831
2703,0.030143468
2704,0.01977153
2705,0.016425578
2738,0.042170823
2739,0.0254279
2740,0.016279787
2741,0.026187543
2742,0.014257346
2753,0.019422147
2754,0.020548021
2795,0.01595012
2796,0.016690083
2797,0.026196249
2798,0.043499418
2799,0.038013097
2800,0.030095648
2801,0.03598286
2802,0.022486813
2803,0.017952368
2807,0.047370955
2808,0.04172986
2809,0.03661432
2810,0.039835695
2811,0.017769104
2831,0.01804467
2844,0.022285633
2845,0.028860861
2846,0.0627379
2847,0.062586725
2848,0.060721483
2849,0.041471906
2850,0.048907068
2851,0.06366212
2852,0.06126862
2874,0.02995093
2875,0.03445631
2876,0.030608546
2877,0.015358182
2878,0.010739318
2895,0.021173622
2896,0.012918529
2897,0.016886437
2898,0.0112559525
2899,0.024703143
2900,0.015540006
2901,0.035763692
2902,0.02625184
2903,0.016782897
2904,0.014090788
2905,0.01879712
2906,0.014365504
2907,0.021297235
2908,0.023611363
2913,0.042812116
2914,0.03885747
2915,0.036322616
2916,0.027106779
2930,0.01992119
2931,0.020446543
2932,0.027845055
2933,0.041554905
2934,0.029048132
2935,0.042534754
2936,0.050653774
2937,0.04805504
2938,0.05132316
2939,0.043211583
2940,0.045619447
2942,0.020379575
2943,0.026006943
2959,0.011468002
2960,0.013178672
2961,0.023204638
2962,0.01527123
2963,0.02040945
2987,0.029099237
2988,0.018017825
2989,0.020856673
2990,0.022102779
2991,0.019057967
2992,0.023909958
2993,0.029383523
2994,0.016026342
3020,0.03171088
3021,0.054163497
3022,0.038190406
3023,0.01916201
3063,0.017101178
3077,0.023132607
3078,0.034235083
3079,0.037985902
3080,0.041442662
3081,0.028834337
3082,0.026236996
3083,0.016018517
3094,0.014707902
3095,0.02828588
3096,0.020185577
3097,0.024760405
3098,0.024535611
3099,0.031207465
3100,0.034619145
3101,0.01995745
3102,0.025970606
3105,0.021539088
3106,0.042114694
3107,0.026262837
3108,0.050348934
3109,0.057515703
3110,0.05370948
3111,0.049921874
3112,0.053776808
3113,0.042695314
3114,0.05511315
3115,0.08631589
3116,0.069888644
3117,0.1056291
3118,0.104295276
3119,0.09651149
3120,0.10179763
3121,0.086510904
3122,0.04367877
3123,0.042850554
3125,0.015537191
3126,0.03533237
3127,0.033624962
3128,0.054748528
3129,0.059467953
3130,0.056889974
3131,0.04971835
3132,0.061303113
3133,0.041321285
3134,0.05468533
3135,0.03550031
3136,0.034667753
3137,0.041973002
3138,0.053280067
3139,0.03507581
3140,0.056884203
3141,0.057767984
3142,0.06642864
3143,0.0592745
3144,0.052919164
3145,0.04430813
3146,0.04024161
3147,0.046572234
3148,0.02144634
3149,0.016659424
3167,0.029675439
3168,0.023616103
3233,0.013688451
3234,0.026929796
3235,0.04325156
3238,0.02419448
3239,0.021613305
3240,0.032677613
3241,0.039729584
3242,0.04328698
3243,0.05988735
3244,0.055293716
3245,0.058848236
3246,0.047299176
3247,0.04294323
3248,0.04980461
3251,0.01761889
3252,0.020244082
3253,0.03125335
3254,0.028985754
3255,0.026503704
3256,0.022047097
3281,0.053658996
3282,0.028548114
3283,0.020425692
3284,0.039226934
3285,0.048038255
3286,0.051267486
3287,0.088859916
3288,0.07739437
3289,0.09534873
3290,0.098603494
3294,0.020564452
3310,0.012300393
3311,0.02255558
3312,0.014228425
3319,0.02837217
3320,0.038345598
3321,0.033093173
3374,0.045639653
3381,0.017806018
3382,0.019920113
3383,0.020869577
3384,0.028665798
3385,0.017359732
3420,0.017143862
3429,0.047843985
3457,0.014066339
3458,0.027503336
3459,0.01734519
3460,0.011524728
3461,0.017037684
3462,0.017874872
3463,0.025256617
3464,0.017589498
3465,0.04083994
3466,0.059825677
3467,0.06396192
3468,0.047948398
3469,0.035191733
3470,0.044385213
3471,0.028019298
3472,0.04152148
3473,0.04523383
3474,0.046952773
3475,0.034850426
3476,0.03862362
3477,0.016433135
3478,0.02477276
3479,0.024022866
3480,0.02342534
3481,0.019991968
3482,0.020081604
3483,0.021154413
3484,0.030266246
3485,0.025608363
3492,0.015706142
3498,0.022755325
3499,0.022926724
3500,0.026642524
3501,0.042945076
3502,0.014886441
3504,0.025982
3505,0.01166291
3506,0.01494572
3507,0.016247923
3508,0.018523665
3512,0.037059937
3513,0.02049834
3514,0.015487284
3515,0.015374149
3516,0.013660433
3517,0.017267393
3521,0.023443496
3522,0.029949008
3523,0.027232058
3524,0.02796245
3525,0.040774092
3526,0.04812047
3527,0.017258327
3540,0.023419466
3541,0.03285557
3542,0.026803274
3543,0.031347092
3544,0.035057083
3547,0.03370722
3548,0.036662124
3549,0.024540186
3550,0.026834061
3551,0.013777248
3555,0.021177586
3556,0.050001908
3557,0.051748313
3558,0.054282315
3559,0.06264665
3560,0.056615204
3561,0.051871914
3562,0.054065175
3563,0.0479247
3564,0.02142269
3565,0.037313644
3566,0.056354076
3567,0.06542105
3568,0.06210341
3569,0.073359445
3570,0.06062411
3571,0.0773937
3572,0.070282124
3573,0.069103055
3574,0.056278534
3575,0.05444382
3587,0.019043135
3588,0.031554945
3589,0.045016494
3590,0.047424566
3591,0.03014639
3592,0.034456555
3593,0.033317856
3594,0.03645762
3595,0.03497932
3606,0.022746637
3607,0.01579144
3608,0.015500725
3609,0.014384382
3610,0.039878227
3623,0.016482264
3624,0.013211437
3625,0.017855369
3626,0.05538161
3627,0.06290281
3628,0.053352788
3629,0.051998787
3630,0.040196914
3631,0.055145424
3632,0.04287116
3650,0.030654766
3651,0.014170557
3652,0.019409068
3653,0.021214243
3683,0.01739255
3684,0.015783481
3685,0.019153807
3686,0.024368184
3687,0.023197697
3688,0.025197132
3689,0.019868638
3690,0.042236637
3691,0.017293768
3692,0.027114943
3693,0.013846647
3694,0.01098629
3695,0.03375304
3696,0.01935122
3697,0.036623936
3698,0.036433138
3699,0.030242674
3700,0.023268599
3727,0.034137703
3728,0.027413985
3729,0.05888122
3730,0.065369
3731,0.07159741
3732,0.060845863
3733,0.038714204
3734,0.013419692
3735,0.02237393
3736,0.02233749
3737,0.02064408
3738,0.026470665
3739,0.11020126
3740,0.103688926
3741,0.100564
3742,0.08062068
3743,0.09893274
3744,0.09478899
3745,0.09241782
3746,0.08726661
3747,0.08365938
3748,0.069849156
3749,0.067591704
3750,0.031258542
3751,0.04633165
3761,0.025025822
3762,0.02161504
3763,0.019534014
3764,0.033687487
3765,0.040867638
3766,0.044890177
3767,0.051016808
3768,0.050620284
3769,0.032133788
3770,0.024416482
3771,0.041577525
3772,0.032595076
3773,0.028761059
3774,0.030980017
3775,0.022503074
3776,0.019381166
3777,0.021273462
3778,0.019983446
3779,0.015134328
3780,0.025941063
3781,0.05462393
3782,0.05460155
3783,0.048710357
3784,0.052173354
3785,0.05248704
3786,0.059692398
3787,0.07114063
3827,0.019770542
3828,0.024559217
3829,0.018380202
3833,0.01699599
3834,0.021995315
3835,0.031383768
3836,0.07230154
3837,0.0695096
3838,0.07745069
3839,0.06431656
3840,0.073868625
3841,0.080082886
3842,0.08089967
3843,0.10226438
3844,0.08377107
3845,0.010694047
3846,0.017928693
3847,0.042049415
3848,0.03579971
3849,0.038070627
3850,0.038947828
3851,0.02027516
3872,0.039440226
3873,0.042438414
3874,0.036811568
3875,0.03558828
3876,0.0916412
3877,0.10565128
3878,0.10272651
3879,0.10779443
3880,0.099127844
3881,0.09558252
3882,0.09380358
3883,0.08570823
3884,0.11464197
3885,0.120187014
3886,0.04685616
3887,0.119720705
3888,0.12064562
3889,0.0402396
3930,0.041161723
3931,0.045420963
3932,0.044723596
3933,0.08891173
3934,0.07981534
3935,0.07744757
3936,0.068465315
3937,0.078921184
3938,0.07698869
3939,0.0766168
3940,0.07155539
3941,0.06755
3942,0.068144284
3943,0.06533384
3944,0.056492273
3945,0.034741987
3946,0.034145143
3947,0.03304678
3967,0.020647662
3968,0.04705077
3969,0.044339407
3970,0.05657638
3971,0.07485741
3972,0.077115335
3973,0.08247354
3974,0.07349248
3975,0.0794749
3976,0.10228143
3977,0.09755358
3978,0.0892469
3986,0.011706781
3994,0.023141503
4000,0.014446071
4001,0.013227384
4002,0.012844886
4007,0.014384382
4008,0.01550204
4009,0.01335115
4010,0.025196182
4011,0.032335486
4012,0.027236082
4013,0.030616377
4014,0.037188902
4015,0.04969762
4035,0.044821385
4036,0.028291786
4037,0.015962048
4038,0.025923142
4039,0.017150862
4040,0.021768738
4041,0.02560754
4042,0.040958475
4043,0.012511254
4044,0.0155342
4045,0.019778617
4046,0.019746738
4047,0.016664855
4048,0.015411591
4049,0.020170914
4050,0.026629508
4051,0.042110935
4052,0.015477919
4053,0.016595218
4054,0.017503561
4068,0.024484297
4069,0.024582291
4070,0.10530694
4071,0.10725187
4072,0.088920936
4073,0.041018512
4074,0.031178625
4075,0.022957101
4076,0.033643823
4092,0.016648717
4134,0.0536567
4135,0.06341011
4136,0.051779956
4137,0.060787886
4138,0.05457787
4139,0.049950715
4140,0.031648982
4141,0.037975017
4154,0.037028354
4155,0.015764028
4156,0.019466577
4157,0.013083995
4158,0.0145254545
4162,0.038532324
4163,0.025611628
4164,0.021617077
4165,0.023021936
4166,0.022160329
4167,0.020500919
4168,0.022085797
4212,0.022084923
4213,0.016194558
4214,0.027931318
4215,0.016699625
4216,0.037780024
4217,0.036598556
4218,0.029842334
4219,0.035665583
4220,0.050747115
4242,0.012188691
4243,0.03197794
4244,0.018978506
4245,0.03537322
4246,0.035789806
4247,0.028094323
4248,0.040399358
4249,0.03148007
4250,0.042854253
4251,0.037206072
4252,0.027666269
4253,0.04909585
4254,0.04632073
4255,0.013742795
4256,0.042263538
4257,0.04180633
4258,0.025167229
4259,0.013149146
4260,0.02097006
4261,0.04278933
4262,0.020367585
4274,0.016047904
4275,0.03194672
4276,0.052825935
4277,0.044917006
4278,0.057146348
4279,0.05818865
4280,0.05914206
4281,0.053492226
4282,0.07329284
4283,0.07803197
4284,0.064249516
4285,0.061967347
4286,0.024814827
4287,0.059679054
4288,0.023205044
4289,0.03431015
4290,0.017981526
4291,0.038761806
4292,0.032993194
4293,0.08912144
4294,0.098251775
4295,0.09010069
4296,0.09087374
4297,0.08837301
4298,0.08348964
4299,0.07940295
4300,0.12115204
4301,0.11438646
4302,0.13143034
4303,0.13255067
4304,0.125541
4305,0.024875196
4306,0.03846154
4307,0.04290103
4308,0.042594228
4309,0.05997633
4310,0.06096761
4311,0.0665059
4312,0.040088844
4313,0.038699757
4314,0.037355423
4315,0.04291278
4316,0.022783348
4317,0.021124832
4318,0.025867153
4319,0.016970314
4320,0.024387127
4321,0.021967283
4322,0.025355712
4323,0.029931555
4324,0.026614372
4325,0.054079965
4326,0.025967741
4393,0.026917329
4394,0.048863303
4395,0.055238046
4396,0.04355981
4397,0.05185734
4398,0.0665309
4399,0.0531172
4400,0.043970708
4401,0.03868997
4402,0.030937484
4426,0.041307636
4427,0.030611381
4428,0.024952656
4429,0.051184922
4430,0.05547493
4431,0.057344653
4432,0.062246736
4433,0.05858768
4434,0.07094758
4435,0.057306275
4436,0.06960166
4437,0.054130033
4438,0.016425014
4439,0.038054243
4446,0.021483375
4447,0.024017017
4448,0.028450916
4449,0.040957373
4450,0.020500386
4451,0.01956157
4452,0.025967212
4453,0.0380825
4454,0.05202385
4455,0.06730536
4456,0.05057218
4457,0.056071684
4458,0.0566029
4459,0.055341534
4460,0.055542246
4461,0.062005747
4462,0.058956273
4463,0.023375357
4464,0.02712332
4465,0.014214109
4466,0.03387668
4467,0.012298685
4468,0.028995657
4469,0.021639274
4492,0.026384162
4493,0.011755328
4508,0.03533031
4509,0.0112396125
4510,0.018499477
4511,0.0210343
4512,0.020654906
4513,0.014391895
4514,0.01812387
4520,0.021423005
4521,0.037581123
4531,0.028455395
4532,0.014125063
4533,0.04287099
4534,0.02656639
4535,0.017951403
4536,0.014189355
4537,0.027670784
4581,0.024154777
4582,0.01834257
4583,0.011015068
4584,0.01315141
4618,0.026918333
4619,0.06550227
4620,0.023050955
4621,0.024195855
4622,0.035786193
4623,0.021912118
4624,0.015485239
4625,0.03838959
4626,0.029922329
4638,0.020113768
4639,0.01498994
4640,0.025248202
4641,0.02698408
4642,0.027598197
4643,0.024252107
4644,0.01764874
4645,0.020460105
4646,0.029963126
4647,0.024701655
4648,0.047437362
4649,0.039217815
4650,0.04115344
4651,0.030718306
4652,0.036185645
4664,0.028881025
4665,0.0302312
4669,0.017268784
4670,0.04941678
4671,0.036498364
4672,0.038731594
4679,0.01392538
4680,0.022145592
4681,0.020163327
4682,0.02134399
4683,0.039134245
4684,0.049467128
4685,0.04944914
4686,0.017070629
4699,0.02310583
4700,0.017790897
4701,0.014460829
4702,0.031747155
4703,0.0313213
4704,0.04079388
4705,0.035447672
4706,0.0426033
4707,0.041092545
4708,0.036789566
4709,0.027922515
4710,0.0147796525
4711,0.02556307
4712,0.04985495
4713,0.025673088
4714,0.062217228
4715,0.059808288
4716,0.0596109
4717,0.06649192
4718,0.052714895
4719,0.061275233
4720,0.07545786
4721,0.06896735
4730,0.017160144
4731,0.012579653
4732,0.011359702
4733,0.015614305
4734,0.021983692
4735,0.017181741
4736,0.026796669
4739,0.042798582
4740,0.022885652
4741,0.016780857
4742,0.059478097
4743,0.040703986
4744,0.028194629
4769,0.032049578
4770,0.0395062
4781,0.03252934
4785,0.028099636
4786,0.022558907
4787,0.030261163
4788,0.01515781
4789,0.015569501
4790,0.0353702
4791,0.031341404
4792,0.028439263
4793,0.0386065
4794,0.038402412
4795,0.027820706
4796,0.02506446
4797,0.039334793
4798,0.036530726
4799,0.017766736
4800,0.021125134
4801,0.012575211
4802,0.018497482
4803,0.02253031
4804,0.02929237
4805,0.028109573
4806,0.027595224
4807,0.031614244
4808,0.06603992
4809,0.04439138
4810,0.05276032
4811,0.039422818
4812,0.013263079
4825,0.012636382
4826,0.011599833
4827,0.017285159
4828,0.02764261
4829,0.02675635
4830,0.03830051
4836,0.012670177
4838,0.019441362
4839,0.015026548
4840,0.030113492
4851,0.03595793
4852,0.069258854
4853,0.028788634
4854,0.075688474
4855,0.07388611
4856,0.06461254
4857,0.059898503
4858,0.06499298
4859,0.05899303
4860,0.018747205
4862,0.046783652
4863,0.03661669
4891,0.029034542
4892,0.028442822
4893,0.05024507
4894,0.05997046
4895,0.06575474
4896,0.06268419
4897,0.063812986
4898,0.056860752
4899,0.06069685
4900,0.035201248
4901,0.021983484
4914,0.047662728
4915,0.016995044
4916,0.040082537
4917,0.024920521
4918,0.01304081
4919,0.017351575
4920,0.027774347
4921,0.01134747
4927,0.025646186
4928,0.02585511
4929,0.04285505
4930,0.049887136
4931,0.060400594
4932,0.06976804
4933,0.061939817
4934,0.06034572
4935,0.05542977
4936,0.05495357
4937,0.04130478
4938,0.037201602
4939,0.039715454
4940,0.02460273
4941,0.01659434
4942,0.024419598
4943,0.014266561
4950,0.0141946655
4951,0.020304263
4952,0.016588738
4977,0.023167003
4981,0.03643577
4982,0.02858386
4983,0.019930266
4984,0.016302573
4985,0.022028074
4986,0.017990686
4987,0.03390327
4988,0.02033018
4989,0.0170556
4990,0.014403175
5006,0.023148978
5007,0.020661088
5008,0.017816119
5009,0.02433836
5010,0.03687935
5011,0.013461367
5014,0.015004805
5015,0.013383232
5016,0.03397091
5017,0.013662768
5018,0.032532394
5019,0.021783339
5020,0.038191218
5021,0.016023237
5027,0.053800832
5028,0.039779283
5029,0.03723949
5030,0.05138115
5031,0.05237163
5032,0.078152485
5033,0.07748965
5034,0.0455627
5035,0.08574992
5036,0.08024529
5037,0.08543891
5051,0.019060403
5052,0.01676847
5053,0.03618996
5054,0.01459016
5055,0.032898862
5056,0.016928291
5057,0.023116976
5058,0.0315069
5059,0.030381344
5060,0.016169174
5061,0.013495623
5062,0.017112162
5070,0.034786176
5071,0.01395535
5072,0.017961023
5078,0.023434615
5079,0.037758473
5080,0.03127584
5081,0.031014295
5082,0.043136645
5083,0.050926484
5084,0.053054783
5085,0.046007816
5086,0.029466763
5087,0.015291653
5099,0.03293439
5100,0.029501704
5101,0.024966257
5102,0.025789076
5103,0.0358053
5104,0.032607265
5105,0.032160047
5106,0.033102714
5107,0.021261428
5108,0.041298065
5109,0.03454039
5110,0.0367404
5111,0.03520776
5112,0.042082105
5113,0.017245341
5114,0.013483092
5115,0.023928922
5116,0.059049852
5117,0.064741954
5118,0.061949242
5119,0.05601054
5120,0.05120225
5121,0.046332914
5122,0.06265574
5123,0.05921239
5124,0.047811966
5128,0.032427046
5129,0.065323696
5136,0.017380519
5137,0.017036354
5138,0.012240324
5139,0.020512903
5140,0.055266254
5141,0.022648934
5142,0.023219299
5143,0.032205198
5144,0.05305087
5145,0.068383075
5146,0.06587317
5147,0.060106896
5148,0.062256824
5166,0.030754935
5167,0.028276606
5168,0.016034571
5169,0.013058732
5170,0.022235319
5171,0.026159765
5172,0.025224868
5173,0.02495591
5174,0.018049195
5177,0.013401431
5178,0.021601336
5194,0.032398175
5195,0.019795075
5196,0.015985543
5197,0.013585667
5198,0.013549541
5199,0.013903975
5200,0.01262574
5243,0.014510882
5244,0.031367432
5245,0.052225616
5246,0.05964909
5247,0.085077554
5248,0.05607879
5249,0.05664119
5250,0.05399573
5251,0.025913242
5271,0.040556423
5272,0.021122696
5273,0.02553704
5274,0.034621693
5283,0.081155576
5284,0.044137504
5285,0.027438693
5286,0.030374238
5287,0.033808563
5288,0.013425299
5289,0.01273423
5290,0.029626515
5302,0.015564826
5303,0.03719503
5304,0.016660925
5305,0.017710295
5306,0.022230893
5307,0.025118887
5308,0.018317955
5309,0.018365234
5310,0.02686597
5311,0.038261987
5312,0.04353987
5313,0.050329696
5314,0.035728738
5315,0.048541076
5316,0.043223042
5317,0.041723866
5318,0.049940113
5319,0.042342406
5320,0.054888256
5321,0.047941275
5322,0.029631292
5323,0.020242313
5324,0.02058541
5325,0.023473978
5326,0.019903826
5327,0.02963426
5328,0.035925362
5329,0.028907042
5361,0.035830054
5362,0.028387113
5363,0.03465126
5364,0.041914184
5365,0.034455743
5366,0.022104226
5376,0.01382691
5377,0.017616317
5378,0.046786636
5379,0.044537716
5380,0.04081588
5381,0.040955566
5382,0.069658235
5383,0.06737064
5384,0.06518247
5385,0.06654749
5386,0.051381405
5387,0.082831174
5388,0.077531934
5389,0.056924984
5410,0.059158813
5411,0.054594442
5412,0.045798622
5413,0.043452382
5414,0.03686971
5415,0.014097028
5416,0.020956216
5417,0.016244838
5418,0.023045706
5419,0.023091258
5420,0.030935058
5421,0.03580109
5422,0.02139753
5423,0.01828849
5457,0.01217045
5458,0.018649194
5459,0.01761987
5460,0.023077717
5461,0.021636687
5462,0.034960236
5463,0.04666331
5464,0.044982564
5465,0.058836948
5466,0.038374003
5467,0.04358293
5468,0.031587273
5469,0.02717904
5479,0.024134727
5480,0.019113054
5481,0.053138908
5482,0.056118187
5483,0.059424873
5484,0.060216874
5485,0.04657783
5486,0.026270237
5487,0.042988807
5488,0.03939988
5489,0.018636765
5508,0.039927274
5509,0.04503179
5546,0.021824548
5547,0.013416956
5561,0.056056514
5562,0.092879884
5563,0.104397506
5564,0.10669435
5565,0.08935024
5566,0.08832999
5567,0.08886154
5568,0.06964297
5569,0.06326233
5570,0.05878618
5571,0.041057453
5572,0.052385498
5573,0.04726757
5574,0.01864588
5575,0.02895484
5576,0.030984148
5577,0.020740213
5578,0.021179965
5589,0.063367315
5590,0.05847817
5591,0.022758609
5605,0.024546681
5606,0.027285675
5607,0.017394787
5608,0.035103492
5609,0.020960612
5610,0.0314065
5612,0.014451194
5666,0.029281028
5667,0.033091746
5668,0.036744297
5669,0.043464597
5670,0.043170985
5671,0.0636941
5672,0.06245434
5673,0.06618534
5674,0.06503195
5675,0.06345134
5676,0.06430241
5677,0.07008588
5678,0.06358489
5679,0.050853338
5680,0.023321437
5681,0.031317104
5682,0.029813383
5683,0.03409448
5684,0.021671563
5685,0.017433764
5686,0.024269402
5687,0.032419223
5705,0.02603455
5706,0.012530483
5707,0.017057797
5708,0.011612654
5714,0.020308137
5715,0.019479614
5716,0.036980685
5760,0.03508072
5786,0.024020668
5787,0.02888441
5788,0.03192169
5789,0.035549093
5790,0.020037828
5798,0.05797039
5837,0.019875847
5838,0.012286803
5839,0.03539989
5840,0.018309321
5853,0.04744031
5854,0.05757823
5855,0.05255589
5856,0.052290708
5857,0.03004035
5858,0.047738392
5859,0.028689492
5860,0.03304809
5861,0.023804415
5862,0.021972176
5863,0.03130644
5864,0.040553123
5865,0.016620837
5866,0.019733341
5867,0.023903975
5868,0.019588642
5869,0.016257852
5887,0.019169478
5888,0.047159325
5926,0.015046144
5927,0.02551933
5928,0.06300426
5929,0.043245018
5930,0.033219647
5931,0.04088905
5932,0.04333097
5933,0.041585326
5934,0.027729228
5948,0.029499555
5949,0.01993461
5950,0.020245796
5951,0.013766025
5952,0.023619149
5953,0.013745333
5954,0.011521581
5955,0.01493621
5956,0.015023911
5969,0.01447423
5995,0.037008062
5996,0.030229418
6027,0.0125944745
6028,0.035418365
6029,0.03382543
6030,0.054427385
6031,0.06349809
6032,0.061866328
6033,0.06294114
6034,0.05359478
6035,0.06536826
6036,0.08821539
6037,0.088546485
6038,0.08672109
6039,0.0844679
6040,0.081217006
6041,0.08442621
6042,0.021070274
6043,0.025468629
6044,0.023338221
6045,0.018466786
6046,0.016140372
6047,0.032703325
6048,0.028889364
6049,0.026728366
6050,0.043666523
6051,0.021199299
6060,0.021505048
6061,0.06137384
6062,0.06603958
6063,0.067888126
6064,0.059050247
6065,0.055600464
6066,0.047915824
6067,0.05378832
6068,0.075047046
6069,0.045278113
6074,0.01753953
6080,0.021516092
6081,0.023092648
6082,0.042263955
6083,0.047262717
6084,0.03902565
6097,0.02605032
6098,0.016704345
6099,0.01216417
6100,0.015354473
6101,0.019882578
6102,0.029641394
6103,0.044590436
6104,0.041785035
6105,0.035044245
6106,0.020485831
6107,0.046771172
6108,0.034407742
6114,0.047970448
6115,0.047629617
6138,0.027813243
6139,0.065667115
6140,0.063035965
6141,0.0595403
6142,0.049058653
6143,0.020669863
6144,0.028916392
6145,0.04395558
6146,0.03758485
6147,0.014440511
6148,0.041690994
6149,0.01719846
6150,0.017599076
6151,0.013228539
6152,0.034431424
6153,0.03552149
6154,0.047299895
6155,0.04888668
6156,0.049088776
6157,0.066300936
6158,0.058269057
6159,0.06836531
6160,0.031741913
6161,0.053175088
6173,0.027124396
6174,0.03837665
6175,0.0450776
6176,0.04364778
6177,0.037526466
6178,0.036475226
6179,0.04120715
6180,0.037571616
6181,0.045884818
6182,0.03961424
6183,0.028786084
6184,0.03644952
6185,0.03049695
6186,0.028251288
6187,0.020469658
6188,0.029116798
6189,0.014119972
6190,0.017271841
6191,0.019297406
6192,0.021630103
6193,0.016928852
6194,0.016813612
6195,0.014340491
6200,0.025989888
6201,0.03054113
6202,0.046199076
6203,0.043622702
6204,0.03497282
6205,0.047293622
6206,0.035788268
6207,0.046634678
6208,0.05443838
6209,0.056469325
6210,0.05288236
6211,0.06322228
6212,0.021742642
6213,0.020336952
6214,0.023272455
6215,0.025229767
6216,0.03480517
6217,0.034522638
6234,0.028521428
6235,0.025070038
6236,0.02965765
6237,0.027461248
6238,0.04564659
6239,0.05525429
6240,0.04301036
6241,0.04904636
6242,0.040100247
6243,0.045830313
6244,0.039308473
6245,0.016726132
6271,0.04577182
6287,0.024276357
6288,0.030885018
6289,0.011930697
6290,0.020370731
6291,0.02429893
6292,0.04579441
6293,0.07157542
6294,0.07451791
6295,0.07032931
6296,0.0788286
6297,0.04645428
6345,0.04235289
6346,0.01953624
6347,0.0369534
6348,0.042995337
6349,0.030424451
6350,0.016074304
6351,0.0198373
6376,0.021447876
6377,0.034732763
6378,0.04089197
6379,0.036566906
6380,0.030187665
6381,0.021326391
6382,0.021197263
6383,0.018965555
6384,0.016470099
6385,0.01722049
6386,0.031324487
6387,0.025745435
6388,0.021237327
6395,0.029477594
6396,0.020299615
6397,0.013018277
6424,0.03339859
6425,0.02086278
6426,0.030211614
6427,0.0280162
6428,0.016302072
6429,0.02953944
6430,0.031296242
6431,0.03507951
6432,0.025666667
6433,0.016735084
6434,0.017447744
6435,0.035286747
6446,0.024210863
6493,0.036207773
6494,0.038974132
6495,0.04725333
6496,0.04852356
6497,0.055543754
6498,0.05621967
6499,0.053935498
6500,0.04088161
6501,0.04510218
6502,0.020154282
6507,0.04149584
6508,0.03728203
6523,0.020730283
6524,0.02752923
6525,0.023766063
6526,0.015127141
6527,0.012010433
6528,0.015938533
6529,0.028671646
6530,0.022124786
6531,0.02351866
6532,0.024336463
6533,0.05250558
6534,0.045154903
6535,0.03151207
6536,0.038665287
6537,0.026318995
6538,0.039494958
6539,0.03610162
6558,0.026437953
6559,0.015806112
6560,0.035427336
6561,0.023051543
6562,0.026586307
6568,0.02030676
6569,0.013334921
6570,0.013366046
6606,0.038917545
6607,0.019152448
6608,0.04093515
6609,0.01682219
6610,0.015442613
6611,0.020741845
6612,0.030208264
6613,0.048812035
6614,0.03814131
6615,0.04375647
6616,0.04722235
6617,0.03712709
6618,0.03083761
6619,0.029517364
6620,0.03942458
6621,0.013903074
6632,0.027084608
6633,0.02021673
6634,0.026532229
6635,0.01621925
6636,0.023639828
6637,0.015258546
6638,0.018351832
6639,0.015001199
6640,0.020296426
6641,0.020701542
6642,0.030129313
6643,0.056901403
6644,0.039679114
6645,0.070508465
6646,0.07267281
6647,0.06393846
6648,0.066810384
6649,0.06730486
6650,0.05239814
6651,0.07523403
6652,0.068572894
6653,0.07103042
6654,0.06470598
6660,0.0383131
6661,0.018314768
6662,0.030799223
6663,0.038525257
6664,0.027206143
6665,0.029226214
6666,0.020049741
6673,0.035463165
6674,0.05723787
6675,0.05260446
6676,0.033634424
6677,0.030945932
6678,0.052682597
6679,0.041178208
6680,0.04092851
6681,0.04282816
6682,0.026383769
6683,0.03198769
6684,0.027820641
6699,0.018449936
6700,0.014258698
6701,0.02217066
6702,0.024064165
6703,0.01847904
6704,0.014917637
6705,0.013418111
6706,0.023809403
6707,0.025195258
6708,0.027179327
6709,0.040070936
6715,0.04191273
6716,0.02668651
6717,0.018839993
6720,0.023838466
6721,0.046488248
6729,0.028246345
6730,0.02129182
6731,0.019561531
6732,0.018476153
6733,0.037303075
6739,0.0326266
6740,0.021891404
6741,0.029668897
6742,0.0513085
6743,0.038004458
6744,0.04343553
6745,0.03334169
6746,0.047437023
6747,0.04078701
6748,0.04788438
6749,0.021364046
6750,0.021611892
6751,0.04387199
6752,0.030784395
6753,0.028307736
6754,0.0421378
6755,0.040887464
6756,0.033111405
6757,0.03125334
6775,0.012122724
6776,0.014015923
6777,0.023212038
6778,0.013485704
6779,0.010790603
6780,0.046046343
6781,0.023271626
6787,0.030643063
6788,0.032012634
6789,0.013970419
6790,0.02013328
6791,0.020064404
6792,0.047567673
6793,0.049081683
6794,0.059110068
6795,0.034118496
6796,0.022073727
6797,0.024386982
6798,0.016975407
6799,0.026736343
6803,0.015158145
6804,0.020022577
6805,0.023644457
6806,0.09384171
6807,0.06438198
6808,0.08003995
6809,0.08290564
6810,0.079365104
6811,0.064457364
6812,0.07404365
6813,0.08209877
6814,0.07695645
6815,0.06041078
6816,0.048838325
6817,0.017112302
6829,0.015515865
6830,0.030912008
6831,0.027697325
6832,0.018533103
6833,0.021290412
6834,0.03831496
6842,0.016501095
6843,0.016908014
6844,0.03705846
6845,0.026347324
6846,0.028416805
6847,0.04173976
6848,0.035824306
6849,0.024812726
6850,0.02438409
6851,0.01567336
6852,0.023065161
6853,0.05932452
6854,0.06451087
6855,0.059852727
6856,0.055505738
6857,0.06619052
6858,0.059020236
6859,0.06636262
6860,0.05974297
6861,0.045703746
6862,0.04330718
6863,0.039797615
6864,0.017366497
6865,0.018049246
6866,0.021853711
6867,0.0153035335
6868,0.015838513
6869,0.025741506
6870,0.025569053
6871,0.018771023
6872,0.015513662
6873,0.046348315
6874,0.027608957
6885,0.01813081
6886,0.011533004
6887,0.015758721
6888,0.015470854
6889,0.016334184
6890,0.017023208
6902,0.025054578
6903,0.01331421
6904,0.028357785
6905,0.040402073
6906,0.032065626
6907,0.03656013
6908,0.03192197
6909,0.033222828
6910,0.043225624
6911,0.029617915
6912,0.015056446
6921,0.019518528
6940,0.023479939
6941,0.026741134
6942,0.025061801
6943,0.052278172
6944,0.062438905
6945,0.060195956
6946,0.054017678
6947,0.07859918
6948,0.05319289
6949,0.020859027
6950,0.04344871
6951,0.04881631
6952,0.04997972
6953,0.011579662
6968,0.10294311
6969,0.090887725
6970,0.09230286
6971,0.08292539
6972,0.09115718
6973,0.09624058
6974,0.08135906
6975,0.020021461
6988,0.03912553
6989,0.019227436
6990,0.013215366
6991,0.020105073
7004,0.03167059
7005,0.044944193
7006,0.028049143
7007,0.014907342
7008,0.018634224
7009,0.01713172
7010,0.024063544
7011,0.019508159
7013,0.019614814
7014,0.02037304
7015,0.05972435
7016,0.05750479
7017,0.07213219
7018,0.082470834
7019,0.1002756
7020,0.0987319
7021,0.090730794
7022,0.07482203
7023,0.08936143
7024,0.08940084
7025,0.08009433
7026,0.084496945
7027,0.0760737
7028,0.07219306
7029,0.014283805
7030,0.014006803
7031,0.020695986
7032,0.023008356
7033,0.020341918
7034,0.021412188
7035,0.034945425
7036,0.04118898
7037,0.04181575
7038,0.038369626
7039,0.036394253
7040,0.04067425
7041,0.030989476
7042,0.029051287
7043,0.028657904
7058,0.030425338
7063,0.034654718
7064,0.030817606
7065,0.018824609
7066,0.022327218
7067,0.03240317
7068,0.023801366
7069,0.015803019
7075,0.012958527
7076,0.017294124
7077,0.015882595
7078,0.029714493
7079,0.0134742195
7080,0.013415914
7081,0.03232838
7095,0.02271386
7096,0.011729722
7097,0.017327476
7098,0.021837033
7099,0.04474015
7100,0.027346227
7101,0.01519075
7102,0.033727206
7103,0.029627915
7104,0.013421003
7137,0.016515197
7138,0.027651342
7139,0.01732028
7171,0.02378542
7172,0.05140227
7173,0.03076198
7174,0.03344036
7175,0.053521756
7176,0.030262658
7177,0.04414037
7178,0.042043835
7179,0.04267322
7180,0.028038885
7181,0.02515166
7208,0.031260926
7209,0.014898339
7210,0.029452888
7211,0.038543895
7212,0.039546937
7213,0.039042376
7214,0.044622395
7215,0.022663245
7216,0.019117901
7248,0.017738562
7249,0.031254366
7266,0.017919349
7267,0.013084554
7268,0.024736224
7269,0.02293433
7270,0.019779751
7330,0.037101336
7371,0.014132931
7372,0.015076583
7373,0.017501773
7374,0.021510223
7390,0.035795994
7393,0.03679346
7394,0.09201754
7395,0.07937331
7396,0.08173833
7397,0.068629034
7398,0.07082233
7399,0.03862365
7400,0.06091193
7401,0.018745897
7402,0.020812988
7403,0.019845536
7404,0.025974538
7405,0.025960712
7406,0.024655579
7407,0.031107016
7408,0.040070407
7409,0.036515944
7410,0.038102742
7411,0.027522968
7412,0.022339012
7413,0.020954756
7414,0.017030252
7415,0.020017605
7416,0.015390826
7417,0.023674648
7418,0.0322968
7419,0.030314805
7420,0.054298352
7432,0.031711474
7434,0.024911737
7435,0.038542375
7436,0.025580551
7472,0.020874396
7473,0.018178446
7485,0.02597223
7486,0.021780724
7487,0.030352458
7488,0.04201303
7489,0.052685034
7490,0.031051284
7491,0.037422966
7492,0.03353935
7493,0.03682799
7494,0.022824802
7495,0.023227604
7496,0.021813575
7497,0.014902585
7498,0.024915833
7499,0.022212623
7500,0.021301815
7501,0.023173347
7502,0.027725602
7503,0.0155913755
7507,0.023482757
7508,0.038566172
7518,0.048462436
7519,0.013334575
7520,0.017197708
7521,0.031484425
7522,0.0470447
7523,0.054485556
7524,0.03911055
7525,0.06679491
7527,0.013696119
7528,0.017664054
7529,0.021135075
7530,0.02154537
7531,0.03424751
7542,0.030049743
7547,0.032077704
7548,0.019575637
7549,0.032257132
7550,0.039728753
7551,0.042698625
7552,0.051088594
7553,0.052939273
7554,0.055831324
7555,0.05527432
7556,0.051581852
7557,0.04219064
7558,0.039308917
7564,0.024443926
7565,0.029402466
7566,0.034064423
7567,0.056539495
7568,0.037096076
7569,0.052280385
7570,0.043868486
7571,0.046393313
7572,0.05414113
7573,0.048357777
7574,0.043212175
7575,0.05850762
7576,0.05031504
7577,0.052174285
7578,0.021688327
7579,0.020665096
7580,0.017000616
7581,0.018504178
7582,0.017627973
7583,0.013127306
7584,0.014242183
7585,0.020847784
7586,0.016538313
7589,0.039623797
7590,0.027949922
7591,0.034833696
7608,0.013669254
7609,0.034718685
7610,0.025111677
7611,0.022863068
7612,0.03219711
7613,0.04301205
7614,0.02378482
7615,0.05707949
7616,0.03936615
7617,0.026990376
7618,0.043234386
7619,0.039479908
7620,0.0397948
7621,0.022975635
7622,0.03878166
7650,0.016203143
7651,0.018659562
7652,0.022132408
7653,0.033452928
7654,0.012408409
7655,0.045552567
7656,0.05202788
7661,0.054686394
7662,0.061587706
7663,0.061846547
7664,0.06016146
7665,0.04099553
7666,0.06402122
7667,0.046136774
7668,0.047221255
7669,0.01596589
7672,0.017213572
7673,0.03165611
7674,0.027952839
7675,0.035735067
7676,0.04632179
7679,0.03508208
7680,0.014657819
7681,0.01929692
7682,0.034155034
7687,0.03098358
7688,0.013947886
7689,0.015860902
7690,0.012381802
7691,0.021064593
7692,0.022041142
7693,0.019446336
7694,0.017643994
7696,0.027899463
7697,0.020804822
7698,0.018150672
7699,0.02445693
7700,0.030130716
7701,0.012518687
7702,0.015196746
7703,0.021975705
7704,0.02108878
7705,0.03595629
7706,0.020729246
7707,0.029881323
7708,0.031568184
7709,0.020911759
7710,0.01952914
7711,0.022712324
7712,0.0235341
7713,0.024040878
7714,0.043872558
7715,0.033976007
7716,0.01581375
7717,0.015355427
7718,0.03251003
7719,0.015276882
7720,0.015397231
7721,0.026950834
7722,0.025566725
7723,0.019099124
7724,0.034808666
7725,0.012088231
7726,0.016921442
7727,0.023226732
7728,0.029137705
7729,0.029459551
7730,0.022655247
7731,0.03455612
7732,0.025032453
7733,0.031687066
7734,0.01731109
7735,0.0181284
7736,0.019568466
7737,0.027233513
7738,0.05933427
7739,0.062251672
7740,0.06491027
7741,0.06841519
7742,0.08126322
7743,0.07960845
7744,0.08437745
7745,0.08235875
7746,0.07533515
7747,0.07509841
7748,0.06570348
7749,0.018146917
7750,0.02379033
7778,0.022066724
7779,0.032164685
7780,0.029936867
7781,0.01767003
7782,0.024989624
7783,0.03129853
7784,0.029887863
7785,0.027577199
7786,0.024581434
7787,0.020665234
7815,0.01726592
7816,0.08040162
7817,0.07824492
7818,0.06314581
7819,0.067383796
7820,0.06481959
7821,0.069530845
7822,0.058672246
7823,0.050231267
7824,0.03118279
7825,0.015177344
7826,0.018851759
7827,0.02317748
7828,0.02387879
7829,0.027273402
7830,0.03005376
7831,0.03306731
7832,0.04096323
7833,0.03455433
7834,0.030950148
7849,0.013300925
7850,0.017636802
7851,0.023822669
7852,0.017004807
7853,0.01683257
7854,0.0328324
7855,0.017144851
7895,0.034028925
7896,0.022152303
7897,0.026072245
7898,0.033983503
7899,0.035720743
7900,0.018868227
7901,0.020698009
7909,0.033840604
7910,0.031988766
7931,0.037105426
7932,0.022464562
7955,0.0264034
7956,0.018843858
7988,0.099046014
7989,0.08699629
7990,0.023851084
8010,0.038776495
8011,0.02790724
8012,0.016463757
8013,0.028311001
8014,0.019099504
8015,0.030477922
8016,0.02568032
8017,0.019988695
8018,0.018001325
8019,0.025284464
8047,0.024960522
8048,0.021028865
8049,0.016128203
8050,0.016214564
8051,0.016470268
8052,0.019867616
8079,0.044019315
8080,0.02761437
8081,0.026698591
8082,0.034538276
8097,0.012486758
8098,0.011025072
8099,0.015250149
8100,0.034724355
8101,0.050494462
8102,0.0860967
8103,0.06474609
8104,0.06644649
8105,0.0686916
8106,0.06190336
8107,0.04464654
8121,0.024515325
8122,0.029582856
8123,0.03885803
8124,0.03271059
8125,0.02391604
8126,0.026677782
8127,0.028919153
8128,0.028182149
8129,0.014834625
8130,0.01641054
8131,0.04883223
8132,0.015746705
8133,0.023829676
8134,0.020301191
8135,0.04437508
8136,0.040060498
8137,0.029462894
8138,0.035883866
8155,0.016732866
8156,0.019385684
8157,0.026227312
8158,0.026263347
8159,0.024817895
8160,0.037997454
8161,0.035235196
8162,0.01598312
8163,0.03510548
8164,0.027560547
8165,0.022494242
8166,0.021206152
8167,0.023870816
8168,0.022708202
8169,0.019644396
8170,0.019961108
8171,0.014962167
8172,0.011514491
8173,0.012577169
8174,0.014974396
8175,0.017906232
8176,0.011770155
8177,0.0107469
8181,0.026934952
8182,0.021013785
8183,0.012766115
8184,0.03062263
8227,0.019897861
8228,0.0228679
8229,0.017907543
8230,0.015640246
8231,0.02133516
8232,0.035263974
8233,0.036552027
8234,0.06085192
8235,0.068976246
8236,0.056596432
8237,0.067701325
8238,0.04841949
8239,0.06590091
8259,0.023213347
8260,0.020921564
8261,0.018898288
8262,0.04622084
8263,0.03700228
8264,0.046904337
8265,0.023857955
8266,0.031084733
8267,0.018010339
8268,0.021507775
8280,0.029278584
8281,0.035145495
8282,0.021949124
8283,0.026770394
8284,0.03520258
8285,0.022693343
8286,0.011135347
8287,0.011546851
8288,0.029894134
8289,0.019327048
8290,0.022327056
8291,0.022385377
8292,0.022468982
8293,0.027046993
8294,0.03402912
8295,0.034165982
8296,0.020021876
8297,0.02442837
8298,0.01986036
8299,0.013775799
8300,0.020221308
8301,0.020823408
8302,0.021965733
8303,0.04625564
8304,0.023694389
8305,0.019425167
8312,0.029508641
8313,0.02556344
8316,0.023100477
8341,0.02882564
8342,0.026870955
8343,0.01538722
8344,0.024061559
8345,0.028274154
8346,0.05009328
8347,0.053696815
8348,0.05863716
8349,0.062912986
8350,0.0559202
8351,0.058612093
8352,0.05104374
8353,0.06967936
8362,0.027585836
8363,0.068267286
8364,0.053250305
8365,0.055662572
8366,0.050118893
8367,0.032218125
8368,0.022100756
8369,0.026060127
8370,0.051199894
8436,0.02445092
8437,0.021012343
8438,0.016046884
8439,0.02557932
8440,0.014877107
8475,0.04161025
8476,0.028536363
8477,0.053084012
8478,0.05655194
8479,0.026626352
8480,0.03869652
8481,0.053289704
8482,0.040618207
8483,0.048468582
8484,0.02254729
8485,0.014611175
8486,0.020643622
8487,0.025726056
8502,0.023996802
8504,0.024918042
8505,0.01668057
8506,0.043539584
8507,0.011759235
8508,0.01580808
8509,0.018197015
8513,0.038301412
8514,0.023420788
8531,0.03838236
8532,0.04596099
8558,0.019521555
8559,0.03090908
8568,0.01674919
8569,0.025870575
8570,0.025217837
8571,0.03384406
8572,0.038960703
8573,0.047086373
8574,0.034308296
8575,0.030677427
8576,0.024731332
8577,0.02319744
8578,0.024920218
8579,0.016739238
8590,0.024730703
8591,0.015047055
8592,0.012636007
8694,0.026196266
8695,0.061200853
8696,0.035688248
8697,0.03689435
8698,0.013746671
8713,0.026003197
8714,0.09097174
8715,0.08843186
8716,0.08776198
8717,0.03137256
8718,0.08554772
8719,0.076331064
8720,0.064393334
8721,0.06975286
8722,0.071389735
8723,0.07207474
8724,0.061515722
8725,0.05334898
8743,0.04165812
8744,0.033879578
8745,0.028419744
8746,0.048779022
8747,0.047609866
8748,0.046417538
8749,0.014752157
8750,0.014564021
8751,0.029481977
8752,0.04862201
8753,0.028240068
8754,0.034004495
8755,0.016674183
8760,0.03043349
8761,0.01326514
8762,0.014199149
8763,0.017291991
8764,0.021316262
8765,0.024536947
8766,0.03407781
8767,0.030048631
8768,0.024662532
8769,0.020857804
8806,0.027330337
8807,0.044422686
8808,0.013156463
8809,0.020165669
8810,0.0218187
8811,0.03016302
8812,0.025172975
8813,0.038073573
8814,0.029202083
8815,0.025970886
8816,0.02196458
8817,0.038554575
8818,0.030014012
8819,0.025509559
8820,0.034872487
8821,0.029518241
8822,0.031236669
8823,0.023473201
8843,0.02548831
8844,0.011681125
8845,0.019608581
8846,0.026657153
8847,0.05676253
8848,0.05295136
8849,0.06622993
8850,0.053733904
8877,0.021023642
8887,0.024543084
8888,0.017636571
8889,0.030243836
8890,0.023478808
8891,0.03056234
8929,0.026937388
8930,0.022103896
8931,0.020366285
8932,0.027142376
8933,0.023978975
8934,0.027729265
8935,0.03102804
8936,0.022015795
8937,0.020728778
8938,0.086351566
8939,0.097026795
8940,0.07327813
8943,0.038108274
8962,0.022579925
8974,0.020300992
8975,0.021828944
8976,0.059204843
8977,0.062951185
8978,0.06412072
8979,0.06574677
8980,0.06575255
8981,0.060073644
8982,0.064607546
8983,0.06658027
8984,0.08871234
8985,0.029608106
8986,0.031756762
8987,0.023709469
8994,0.034399223
8995,0.03265524
8996,0.026809845
8997,0.02485652
8998,0.020671329
8999,0.01912184
9000,0.037939657
9001,0.020757865
9002,0.021019818
9003,0.0154415835
9004,0.013989026
9005,0.011618355
9006,0.016116556
9007,0.012440207
9008,0.011653352
9009,0.019125797
9010,0.0282145
9011,0.021406833
9012,0.013605491
9013,0.019658437
9014,0.011629149
9015,0.053884678
9016,0.041033953
9017,0.062195927
9018,0.038726058
9019,0.058707725
9020,0.037412684
9021,0.055713948
9040,0.015160388
9041,0.014079625
9042,0.011922092
9043,0.022051338
9044,0.018209634
9045,0.024109216
9046,0.019471588
9047,0.02029101
9048,0.020648621
9049,0.029549593
9050,0.013953451
9080,0.02070351
9105,0.060933243
9106,0.025925647
9107,0.071815655
9108,0.0440213
9109,0.061916467
9110,0.055802807
9111,0.054605346
9112,0.02063615
9113,0.033268712
9145,0.03144481
9146,0.036737327
9147,0.044082962
9163,0.03998744
9164,0.029071316
9165,0.025373593
9166,0.019009091
9167,0.03549757
9178,0.032894175
9179,0.014453598
9199,0.02446521
9200,0.017379463
9201,0.022936739
9202,0.030723361
9203,0.04942456
9204,0.031492684
9205,0.026970567
9206,0.021070372
9207,0.023158751
9208,0.020167762
9209,0.030581653
9210,0.01833776
9211,0.020584263
9212,0.017412096
9213,0.020220947
9214,0.023986112
9215,0.024638057
9216,0.028597148
9217,0.032981288
9218,0.03808465
9222,0.013704467
9223,0.022260733
9224,0.015980888
9225,0.020886475
9226,0.035992716
9227,0.051670484
9228,0.07218284
9229,0.07307327
9230,0.06019137
9231,0.05584316
9232,0.060568634
9233,0.058092162
9234,0.049926557
9235,0.05217015
9240,0.012626021
9241,0.020096397
9242,0.032293044
9259,0.04063786
9260,0.050947633
9261,0.048780188
9262,0.050046723
9263,0.049450424
9264,0.0400971
9265,0.044312097
9266,0.035074826
9267,0.039161183
9268,0.025951048
9269,0.015827
9270,0.016456705
9271,0.032288235
9272,0.01945395
9273,0.017653417
9274,0.02342717
9296,0.01409831
9297,0.02614931
9298,0.031452302
9299,0.033069983
9300,0.036045406
9301,0.04431428
9302,0.045814384
9303,0.036923207
9304,0.043462712
9305,0.017461706
9315,0.03030259
9316,0.02814069
9317,0.028270068
9318,0.02542455
9344,0.016738227
9345,0.013265777
9346,0.015670694
9347,0.02177466
9348,0.027271956
9351,0.018634891
9352,0.027910205
9380,0.021677297
9381,0.014277155
9382,0.021199958
9383,0.040351253
9384,0.019742018
9385,0.030465722
9386,0.04214446
9387,0.02153566
9388,0.050824817
9389,0.022544475
9390,0.028350927
9391,0.023264686
9392,0.01770546
9401,0.041206487
9402,0.02424234
9403,0.026244983
9404,0.022282584
9405,0.031107
9406,0.025193457
9407,0.035479985
9408,0.026330609
9409,0.025585385
9410,0.0350714
9411,0.029274853
9412,0.03819726
9413,0.032853827
9414,0.034552734
9415,0.046800293
9416,0.045256697
9417,0.05597101
9418,0.05485763
9419,0.044558983
9420,0.04353563
9421,0.02900986
9426,0.02185767
9427,0.013408362
9428,0.019462394
9429,0.04794193
9430,0.036294788
9431,0.045748457
9432,0.046907265
9433,0.0520243
9434,0.055842504
9435,0.050917927
9436,0.052640073
9437,0.042562068
9438,0.046509996
9439,0.050898183
9440,0.057439115
9441,0.058352664
9442,0.04185429
9443,0.052020464
9444,0.048442904
9445,0.07340227
9446,0.07770775
9447,0.071865514
9448,0.062708914
9449,0.057128537
9450,0.059399974
9451,0.05423437
9452,0.010654492
9453,0.019599099
9454,0.016402567
9455,0.027130213
9456,0.036444366
9467,0.018817745
9473,0.012462851
9474,0.025950653
9475,0.012422114
9492,0.014282456
9493,0.015059921
9494,0.027512265
9495,0.04807747
9496,0.057572708
9502,0.021534605
9503,0.019715874
9504,0.022263065
9505,0.055678725
9506,0.05293946
9507,0.0444862
9508,0.05785216
9509,0.05988738
9510,0.06371006
9511,0.03339927
9512,0.020068955
9513,0.023755154
9514,0.027238315
9515,0.029063169
9516,0.01300518
9517,0.019513914
9518,0.018205674
9519,0.036735415
9536,0.015646303
9537,0.02048551
9538,0.016506515
9539,0.017909171
9549,0.016745096
9550,0.02836777
9551,0.036938645
9552,0.0824532
9553,0.07881316
9554,0.07284269
9555,0.074620456
9556,0.06601483
9557,0.06438605
9558,0.07458841
9559,0.083574265
9560,0.082118385
9561,0.077347316
9562,0.03702611
9563,0.03385776
9564,0.013081065
9565,0.013259697
9566,0.015945636
9567,0.018025575
9568,0.022241049
9569,0.018132253
9570,0.027107237
9576,0.013487625
9587,0.010961742
9588,0.014854593
9608,0.010934395
9609,0.015129125
9610,0.025567045
9611,0.028561708
9612,0.045268424
9613,0.052360665
9614,0.05685843
9615,0.07073288
9616,0.06111859
9617,0.063248
9648,0.012369621
9649,0.022808312
9653,0.018095912
9654,0.043005664
9656,0.06956565
9657,0.028771313
9658,0.029304387
9664,0.048012473
9665,0.035266373
9666,0.034212057
9667,0.053980228
9668,0.05474563
9669,0.12457534
9670,0.12036312
9671,0.09731976
9672,0.10369162
9673,0.07486746
9674,0.08776542
9675,0.06373786
9676,0.083573245
9681,0.01476305
9682,0.0270034
9807,0.03612496
9808,0.024490856
9809,0.019950062
9810,0.018141204
9811,0.0154800685
9812,0.026062928
9813,0.020213697
9814,0.022537494
9815,0.019508043
9836,0.01997802
9845,0.02563654
9846,0.01833198
9847,0.012923306
9848,0.021288104
9849,0.030995028
9850,0.030501178
9851,0.044521548
9852,0.032040376
9853,0.024407046
9854,0.04117051
9893,0.0138106905
9894,0.018604564
9895,0.010865298
9896,0.021466842
9897,0.04536088
9898,0.028902853
9899,0.02269123
9900,0.062337115
9901,0.06747582
9902,0.049462713
9903,0.06676964
9904,0.059547637
9905,0.07058733
9906,0.06773322
9907,0.06262302
9908,0.04970984
9909,0.042911157
9910,0.021467127
9911,0.051595323
9912,0.026202852
9913,0.014053355
9914,0.020647092
9915,0.013704187
9916,0.012305118
9917,0.012186782
9918,0.013663489
9919,0.03774197
9920,0.032700606
9921,0.035692044
9922,0.024623984
9961,0.08406352
9962,0.05659328
9963,0.07583484
9964,0.031220604
9965,0.041971143
9966,0.033051662
9980,0.024654115
9981,0.015895749
9982,0.011200021
9983,0.019526636
9984,0.025026482
9985,0.022764564
10012,0.024161577
10013,0.02659362
10014,0.01757297
10015,0.03308352
10016,0.013903675
10017,0.017676033
10018,0.017757295
10019,0.016694937
10042,0.01607291
10043,0.012856918
10044,0.015909392
10045,0.024495738
10046,0.024112439
10047,0.024919018
10048,0.016745776
10049,0.019625645
10050,0.02076315
10051,0.025012158
10053,0.02661468
10054,0.041158233
10055,0.035728842
10064,0.016235802
10065,0.018154588
10066,0.029454935
10067,0.018762635
10068,0.028603584
10069,0.02681157
10109,0.04039805
10110,0.02728555
10111,0.016537793
10112,0.020199807
10119,0.047129
10120,0.02326031
10121,0.020202406
10122,0.08869994
10123,0.09115423
10124,0.09291107
10152,0.031203654
10153,0.039291862
10154,0.03951326
10155,0.029815879
10156,0.026311416
10157,0.016208889
10158,0.012893032
10159,0.019542348
10160,0.013024118
10161,0.01093681
10162,0.019592375
10178,0.016064689
10179,0.033148713
10180,0.031847876
10181,0.029661214
10182,0.035683103
10183,0.03576364
10184,0.038371988
10185,0.02743566
10186,0.02255818
10187,0.030157514
10188,0.027175644
10189,0.047414277
10197,0.04795606
10198,0.042792015
10199,0.048432596
10200,0.03583055
10201,0.014344914
10203,0.032505218
10204,0.026737632
10205,0.014371195
10206,0.02587001
10207,0.048896965
10208,0.06251536
10209,0.06218214
10210,0.06755874
10215,0.028507875
10216,0.022771781
10217,0.026924072
10218,0.074389026
10219,0.080415264
10220,0.0846304
10225,0.014783487
10226,0.03531286
10227,0.02978366
10228,0.03224392
10229,0.07692505
10230,0.07330709
10231,0.06973676
10232,0.06457357
10233,0.052365467
10234,0.056948714
10235,0.04141233
10236,0.019955745
10237,0.01432486
10238,0.012504265
10239,0.016918533
10240,0.019169072
10241,0.03746121
10275,0.02318032
10360,0.039794505
10361,0.031937715
10362,0.020334285
10363,0.015259317
10364,0.015574076
10368,0.014692744
10369,0.025285816
10370,0.085664
10371,0.071074516
10378,0.044399116
10379,0.016267195
10384,0.021966908
10385,0.039141063
10386,0.038018573
10387,0.04238149
10388,0.04481772
10389,0.056861933
10390,0.046539634
10391,0.042435706
10392,0.027655464
10393,0.01792174
10402,0.01617271
10403,0.012305907
10404,0.0146439755
10405,0.011501551
10406,0.014446337
10407,0.013080872
10408,0.017101629
10409,0.01960444
10410,0.016787415
10411,0.03708203
10412,0.018329423
10413,0.016413104
10414,0.037276823
10426,0.019423498
10427,0.015793381
10428,0.038619384
10429,0.06040097
10430,0.06782423
10431,0.05536159
10432,0.045981288
10433,0.05371956
10434,0.04318965
10435,0.043121893
10447,0.018677896
10448,0.025766693
10452,0.023144044
10453,0.026108552
10454,0.06679617
10455,0.0653809
10456,0.06856162
10457,0.06389336
10458,0.06278334
10459,0.06619389
10460,0.09305419
10461,0.095363386
10462,0.087477125
10463,0.103456974
10464,0.10276875
10466,0.033422034
10467,0.06847576
10468,0.06565977
10469,0.042453885
10470,0.053795483
10471,0.060345396
10472,0.038225837
10473,0.044171024
10474,0.046426788
10475,0.047761578
10476,0.048096813
10477,0.04686255
10478,0.050164945
10481,0.021087352
10482,0.041782085
10483,0.023866683
10502,0.04250723
10503,0.04148987
10504,0.04871983
10505,0.043346018
10506,0.03513501
10507,0.030892367
10508,0.014137934
10517,0.06093737
10518,0.05041675
10519,0.029672448
10520,0.024604233
10569,0.011966871
10570,0.01702729
10571,0.0148950275
10572,0.032247707
10573,0.028761797
10574,0.04576222
10575,0.04177771
10576,0.049575426
10577,0.072452314
10578,0.046259224
10579,0.065489456
10601,0.021190433
10602,0.043552827
10603,0.039825615
10604,0.04101491
10605,0.03717583
10606,0.042719055
10636,0.0128687555
10637,0.023986146
10638,0.023408048
10658,0.025957562
10659,0.019328851
10660,0.016524058
10661,0.03830302
10662,0.031349156
10663,0.036734816
10674,0.030495076
10675,0.026931647
10676,0.03908064
10677,0.07657943
10678,0.06630887
10679,0.06011569
10680,0.066699855
10681,0.05320334
10682,0.055052716
10683,0.06486725
10684,0.066865884
10685,0.06535872
10686,0.065864846
10687,0.051916197
10692,0.013902694
10693,0.031077025
10694,0.02660296
10695,0.025814641
10696,0.017294636
10697,0.014878909
10698,0.040187195
10699,0.030413216
10700,0.02389949
10701,0.035754
10702,0.03936197
10703,0.03491165
10704,0.030601963
10705,0.04436583
10706,0.031823073
10707,0.034307316
10708,0.01529144
10709,0.022038361
10723,0.015305606
10724,0.01841072
10725,0.033363625
10726,0.03387
10727,0.036086567
10746,0.022364143
10747,0.03345746
10748,0.018152846
10749,0.029076608
10755,0.017931586
10756,0.026934288
10757,0.02710556
10758,0.046237137
10759,0.041239068
10760,0.05631083
10761,0.056580167
10762,0.05786231
10763,0.06477786
10778,0.015798945
10793,0.053861063
10794,0.013849492
10795,0.034508564
10796,0.034940172
10797,0.011566162
10798,0.01636979
10799,0.037630793
10815,0.021672297
10816,0.07633596
10817,0.06810182
10818,0.07059215
10819,0.07123755
10820,0.107287474
10821,0.11415327
10822,0.106703855
10823,0.099193156
10824,0.09372913
10825,0.08409079
10826,0.09417194
10827,0.07413446
10828,0.060033597
10829,0.048387967
10830,0.05074483
10831,0.040053237
10839,0.062488884
10840,0.06776349
10841,0.0662599
10842,0.068436004
10843,0.059943996
10844,0.030392062
10845,0.021346696
10846,0.020784138
10847,0.026130488
10848,0.021717258
10849,0.04099483
10850,0.018133258
10851,0.028119601
10861,0.036338054
10904,0.015646916
10921,0.01991844
10922,0.028940855
10923,0.02101454
10924,0.022084635
10925,0.011964657
10926,0.047791373
10927,0.015804088
10928,0.02178312
10929,0.029360207
10930,0.015214982
10931,0.070701145
10932,0.05944529
10933,0.061934054
10934,0.054438498
10935,0.041704368
10936,0.062172934
10937,0.050974283
10938,0.024341533
10939,0.018417258
10940,0.029126674
10941,0.034278102
10942,0.058255374
10943,0.05689826
10944,0.058178067
10945,0.06003785
10946,0.027482487
10949,0.018255878
10950,0.018327663
10954,0.016086187
10955,0.015723964
10956,0.01198295
10957,0.057422444
10958,0.05112129
10959,0.05038964
10960,0.035458628
10961,0.021348197
10963,0.043987587
10964,0.029716905
10965,0.02386335
10966,0.02136045
10973,0.01839758
10974,0.023357878
10975,0.024358246
10986,0.06963222
10987,0.065299794
10988,0.06368335
10989,0.053051416
10990,0.026621312
10991,0.030654894
10992,0.029480355
10993,0.019897994
10994,0.024792604
10995,0.012848008
10996,0.013239678
10997,0.015992103
10998,0.01310937
10999,0.011350604
11000,0.03321964
11001,0.022518165
11002,0.017609214
11014,0.018409789
11027,0.038934726
11028,0.041149274
11029,0.022256562
11030,0.021531701
11031,0.02933437
11032,0.03876515
11033,0.032994483
11034,0.03137138
11035,0.031606648
11036,0.04234452
11037,0.05158988
11038,0.092050545
11039,0.09549195
11040,0.027604554
11041,0.015393168
11096,0.0151126785
11097,0.017167497
11098,0.023141565
11099,0.037879504
11122,0.013572915
11123,0.023446139
11124,0.03081119
11125,0.048498258
11126,0.017619098
11127,0.034142345
11139,0.07900138
11140,0.08182044
11141,0.08685873
11142,0.058100212
11143,0.066496536
11144,0.08395578
11145,0.037915256
11146,0.023310041
11158,0.02103197
11159,0.035859596
11160,0.03245645
11164,0.023157172
11165,0.022862112
11166,0.0354085
11167,0.061994884
11168,0.06980532
11169,0.07677841
11170,0.07090811
11171,0.06931973
11172,0.07255866
11173,0.09560156
11174,0.10387163
11175,0.06552442
11190,0.017290529
11191,0.014907216
11192,0.016040156
11193,0.026449379
11194,0.022690898
11195,0.015907666
11196,0.025714584
11197,0.025102636
11198,0.027530625
11199,0.017902812
11200,0.020658925
11201,0.02890801
11212,0.032906935
11213,0.03468188
11214,0.034280363
11215,0.028941792
11217,0.030824766
11227,0.03055912
11249,0.030639427
11250,0.021454634
11251,0.024073733
11252,0.06027512
11253,0.0546356
11254,0.048272457
11255,0.044352826
11256,0.057220414
11257,0.05359043
11258,0.045782454
11259,0.0457538
11260,0.04287584
11261,0.026434395
11262,0.05521202
11263,0.065684624
11264,0.07057858
11265,0.07364341
11266,0.061819375
11267,0.06726305
11268,0.01908545
11269,0.07742809
11270,0.07212616
11271,0.07475332
11272,0.109204054
11273,0.122477844
11274,0.1163743
11275,0.11597978
11276,0.105053194
11277,0.07614542
11278,0.08042846
11279,0.088867694
11280,0.08677392
11281,0.0794832
11292,0.066374816
11293,0.093064
11294,0.06377209
11295,0.06780764
11296,0.07552507
11314,0.027735721
11315,0.013067525
11316,0.017677106
11317,0.022805046
11318,0.01663328
11319,0.015600974
11320,0.018869314
11321,0.01737793
11322,0.031621024
11323,0.039084885
11324,0.023167713
11325,0.022994941
11333,0.020906977
11334,0.021522822
11335,0.016315803
11336,0.015017982
11337,0.013473435
11338,0.0198355
11339,0.023758808
11340,0.02367436
11341,0.015149277
11342,0.0148652
11343,0.046156827
11344,0.059653837
11345,0.057242077
11358,0.030269105
11359,0.028266191
11362,0.04236194
11363,0.02560215
11364,0.022820042
11365,0.037934814
11366,0.026601255
11367,0.014248948
11368,0.014839323
11391,0.024790768
11392,0.069598585
11393,0.037394498
11394,0.056122605
11395,0.05909809
11396,0.054955393
11397,0.037810147
11398,0.023570497
11413,0.020478278
11414,0.023932043
11415,0.023221463
11416,0.021959092
11446,0.04740958
11447,0.03276693
11448,0.02006368
11449,0.016992876
11450,0.013151544
11451,0.019103413
11452,0.025394479
11453,0.029781602
11454,0.020422993
11455,0.028359775
11456,0.02655176
11457,0.025848594
11458,0.033144955
11480,0.014423668
11481,0.015891165
11482,0.016813198
11483,0.01233445
11484,0.013720541
11485,0.025929311
11486,0.010398684
11487,0.009940875
11488,0.028621376
11495,0.03067993
11496,0.023779359
11497,0.04570975
11498,0.022187276
11499,0.032367844
11500,0.017613826
11501,0.030319283
11518,0.012380524
11519,0.028289966
11520,0.02200847
11521,0.034225073
11522,0.025708273
11604,0.019067869
11615,0.02310292
11616,0.022120023
11617,0.021719096
11618,0.023856267
11619,0.018704006
11620,0.014622382
11621,0.015935991
11622,0.021274999
11623,0.031773962
11624,0.016586721
11625,0.052196003
11626,0.015512485
11627,0.024773711
11628,0.013883147
11629,0.009062949
11630,0.020091351
11684,0.02331882
11685,0.021851072
11686,0.030087858
11687,0.032758016
11688,0.093204916
11689,0.0921234
11690,0.07763235
11691,0.088271454
11692,0.013323894
11693,0.029847305
11694,0.023083009
11695,0.0179287
11696,0.023797223
11697,0.02572787
11698,0.023403985
11699,0.021512315
11700,0.028709488
11701,0.031837378
11702,0.019252144
11703,0.034860414
11717,0.020768011
11728,0.013725486
11729,0.02365097
11730,0.031950444
11731,0.014327053
11735,0.032362636
11736,0.048393976
11737,0.046191122
11738,0.049219266
11739,0.04705635
11740,0.058667295
11741,0.051290434
11742,0.023400115
11743,0.039196257
11744,0.035892263
11745,0.013338126
11746,0.013014669
11778,0.019687302
11779,0.043177087
11780,0.012737245
11781,0.016576942
11782,0.02268365
11783,0.02102096
11784,0.048089594
11785,0.053617626
11786,0.062339846
11787,0.05811314
11788,0.06121193
11789,0.050133895
11790,0.042395
11791,0.049598612
11792,0.0510561
11793,0.0477483
11794,0.055613726
11819,0.026662325
11820,0.05151814
11821,0.058686838
11822,0.05358417
11823,0.05182616
11824,0.046323445
11825,0.034761608
11826,0.035897106
11827,0.03682248
11828,0.018604834
11835,0.02132913
11836,0.02111812
11837,0.027440753
11894,0.08356421
11895,0.07364154
11896,0.07907127
11897,0.07398766
11898,0.05586707
11899,0.015097153
11910,0.021798423
11911,0.016800798
11950,0.02584833
11959,0.05840401
11960,0.06008321
11961,0.032748673
11962,0.057084586
11963,0.037496466
11964,0.035343587
11965,0.033431485
11966,0.04868527
11967,0.015528198
11968,0.02361006
11969,0.053120084
11970,0.061100625
11971,0.06398431
11972,0.06303396
11973,0.05903104
11974,0.07955818
11975,0.08090023
11976,0.07538798
11977,0.07468572
11995,0.01635536
11996,0.018064689
11997,0.019260103
11998,0.01120039
11999,0.015382843
12000,0.01858694
12001,0.041603025
12002,0.030462561
12003,0.024893004
12004,0.02615637
12005,0.058529887
12006,0.056578156
12007,0.051607873
12008,0.046675086
12009,0.046612985
12010,0.045689262
12011,0.052301224
12012,0.037497148
12013,0.033521757
12014,0.038226355
12015,0.015879884
12035,0.014358267
12036,0.025019567
12037,0.038660895
12038,0.048536006
12039,0.056376547
12040,0.04236415
12041,0.068605915
12066,0.03403746
12067,0.031236345
12068,0.026548116
12069,0.028426226
12070,0.025626987
12071,0.048928462
12072,0.046618663
12073,0.046675026
12074,0.06279624
12075,0.05675957
12076,0.059980363
12077,0.057551052
12078,0.033987433
12079,0.042788956
12080,0.049293198
12081,0.039295923
12082,0.03412605
12105,0.019232137
12111,0.015407035
12112,0.040904183
12113,0.030470934
12114,0.01922775
12115,0.017698891
12116,0.023002988
12117,0.020804076
12118,0.018489143
12119,0.022591721
12120,0.032593276
12128,0.02890269
12146,0.027029991
12147,0.026178626
12148,0.0256797
12149,0.017306
12150,0.019583108
12151,0.020269765
12152,0.037040267
12153,0.027629511
12161,0.012682014
12162,0.017144369
12163,0.018290715
12164,0.03142346
12165,0.023014499
12181,0.039311234
12188,0.028253509
12189,0.01813936
12190,0.058178138
12191,0.02158512
12192,0.024740385
12193,0.048988707
12227,0.027515383
12271,0.013449134
12272,0.017112345
12273,0.023165783
12274,0.024110671
12275,0.045196258
12276,0.031874306
12285,0.035857994
12286,0.04988633
12287,0.045587245
12288,0.051222146
12289,0.060731787
12290,0.06881186
12291,0.06792493
12292,0.053915482
12293,0.06427595
12294,0.051606353
12295,0.061702393
12296,0.068375
12297,0.057683166
12298,0.05649478
12299,0.059173584
12325,0.0151479095
12326,0.01215018
12339,0.017774954
12340,0.021720001
12341,0.025573725
12342,0.029015908
12343,0.021153029
12344,0.017932165
12347,0.025129564
12348,0.041995045
12349,0.026026858
12350,0.042674154
12351,0.048440207
12352,0.06856241
12353,0.07003149
12354,0.06475152
12355,0.06516983
12356,0.050353315
12357,0.044785853
12358,0.050557245
12359,0.034163192
12370,0.015923334
12371,0.011896134
12372,0.02584809
12373,0.03368519
12374,0.021992223
12375,0.015319529
12376,0.018939551
12377,0.042530145
12378,0.034435906
12379,0.024892788
12380,0.016283922
12381,0.023694731
12382,0.013090749
12426,0.017885946
12427,0.024670055
12428,0.020818425
12429,0.015070069
12430,0.030811524
12432,0.044504635
12433,0.027096804
12434,0.048105747
12435,0.064874895
12436,0.05904486
12437,0.058527835
12438,0.06498907
12439,0.06343177
12440,0.096252196
12441,0.09084178
12442,0.09338564
12443,0.07529934
12444,0.09416465
12445,0.08692101
12446,0.094304256
12447,0.013672381
12448,0.019331336
12449,0.017582571
12450,0.015696205
12451,0.015411702
12452,0.01940889
12453,0.025629155
12489,0.025056936
12492,0.015794395
12493,0.015102735
12500,0.014008719
12501,0.024298014
12502,0.013032671
12503,0.03086348
12504,0.044394825
12505,0.055217773
12506,0.086058885
12507,0.018608252
12508,0.017995216
12509,0.03420034
12550,0.026976533
12551,0.032326743
12565,0.027335685
12566,0.034485795
12567,0.04756599
12568,0.04182577
12569,0.051055036
12574,0.019403996
12575,0.035968695
12576,0.04389077
12588,0.019242441
12598,0.105655566
12599,0.094324544
12600,0.016019959
12601,0.021533208
12630,0.016154446
12631,0.021248141
12632,0.033613183
12633,0.022767102
12634,0.021601325
12637,0.036986455
12638,0.038251016
12639,0.02845178
12662,0.0262554
12663,0.019618183
12664,0.015051803
12665,0.013824484
12678,0.056261256
12679,0.04924454
12680,0.056611225
12681,0.049523175
12682,0.052420437
12683,0.0479594
12684,0.05351106
12685,0.046479184
12694,0.033963554
12695,0.024147876
12696,0.018067712
12697,0.021745026
12698,0.021132909
12699,0.019076386
12700,0.027636927
12701,0.022307308
12702,0.016333181
12703,0.03772431
12704,0.019125905
12705,0.017177671
12713,0.014942162
12714,0.022376098
12724,0.038640577
12725,0.01914655
12726,0.016749904
12727,0.02503465
12728,0.01230823
12729,0.02235259
12730,0.030855644
12731,0.01282304
12732,0.012657264
12733,0.012865733
12734,0.014926255
12735,0.023899127
12743,0.016605735
12744,0.015573458
12774,0.022381734
12775,0.04062161
12776,0.041585915
12777,0.05378499
12778,0.05988811
12779,0.06802756
12780,0.07431142
12781,0.06928628
12782,0.054197915
12783,0.037923086
12784,0.056247
12785,0.027269091
12786,0.0177311
12787,0.018379658
12788,0.016637903
12789,0.022157554
12827,0.03787686
12828,0.012907918
12829,0.021269796
12830,0.013535868
12831,0.012314853
12832,0.022728752
12840,0.017799504
12841,0.013951861
12842,0.02364002
12843,0.03177306
12844,0.011183878
12845,0.018432725
12846,0.03589806
12847,0.010996463
12848,0.016784657
12849,0.016637605
12850,0.027510075
12851,0.0325743
12887,0.032394856
12888,0.0352832
12889,0.033412613
12890,0.053708207
12891,0.056886896
12892,0.042255595
12893,0.05046982
12894,0.05266565
12895,0.0363283
12896,0.044421505
12897,0.13701104
12898,0.12129853
12899,0.113857485
12900,0.113238715
12901,0.08746458
12902,0.104418166
12903,0.09556854
12904,0.08160312
12905,0.08131239
12906,0.07776997
12907,0.054384876
12908,0.056833692
12909,0.037194252
12910,0.03698019
12911,0.041494142
